Phase,Task,Owner,Status,Due_Date,Notes,Perplexity_Research,Blog_Post,Newsletter_Issue
1,Package Preparation,OS Maintainer,Pending,2025-06-15,Polish code and docs,Performance benchmarks,Architecture deep-dive,Issue 1: Introduction
1,Branding Strategy,Branding Expert,Pending,2025-06-12,Logo and positioning,Competitor analysis,Brand story,Issue 2: Vision
1,Market Research,Marketing Expert,Pending,2025-06-13,Developer needs analysis,Developer tools landscape,Market positioning,Issue 3: Problem Space
2,Documentation,Technical Writer,Pending,2025-06-18,API docs and tutorials,Best practices research,Technical tutorial,Issue 4: Getting Started
2,Performance Analysis,Architect,Pending,2025-06-16,Benchmarks vs alternatives,Performance optimization,Performance comparison,Issue 5: Speed Matters
2,Community Setup,Community Manager,Pending,2025-06-20,GitHub templates and guidelines,Open source best practices,Community building,Issue 6: Community
3,Launch Strategy,Marketing Expert,Pending,2025-06-22,Launch plan and timeline,Launch case studies,Pre-launch buzz,Issue 7: Launch Prep
3,Integration Examples,Developer Advocate,Pending,2025-06-25,Real-world use cases,Integration patterns,Use cases showcase,Issue 8: Real World
3,Ecosystem Expansion,Product Manager,Pending,2025-06-28,Plugin architecture,Ecosystem research,Future roadmap,Issue 9: Ecosystem
4,Long-term Vision,Visionary,Pending,2025-07-01,Roadmap and sustainability,Industry trends,Vision 2025,Issue 10: Future